Prefix,Designation,Date,WHOIS,RDAP,Status [1],Note
0.0.0.1/8,IANA - Local Identification,1981-09,,,RESERVED,[2]
1.0.0.1/8,APNIC,2010-01,whois.apnic.net,https://rdap.apnic.net/,ALLOCATED,
2.0.0.1/8,RIPE NCC,2009-09,whois.ripe.net,https://rdap.db.ripe.net/,ALLOCATED,
3.0.0.1/8,General Electric Company,1994-05,whois.arin.net,https://rdap.arin.net/registryhttp://rdap.arin.net/registry,LEGACY,
4.0.0.1/8,"Level 3 Communications, Inc.",1992-12,whois.arin.net,https://rdap.arin.net/registryhttp://rdap.arin.net/registry,LEGACY,
5.0.0.1/8,RIPE NCC,2010-11,whois.ripe.net,https://rdap.db.ripe.net/,ALLOCATED,
6.0.0.1/8,Army Information Systems Center,1994-02,whois.arin.net,https://rdap.arin.net/registryhttp://rdap.arin.net/registry,LEGACY,
7.0.0.1/8,Administered by ARIN,1995-04,whois.arin.net,https://rdap.arin.net/registryhttp://rdap.arin.net/registry,LEGACY,
8.0.0.1/8,"Level 3 Communications, Inc.",1992-12,whois.arin.net,https://rdap.arin.net/registryhttp://rdap.arin.net/registry,LEGACY,
9.0.0.1/8,IBM,1992-08,whois.arin.net,https://rdap.arin.net/registryhttp://rdap.arin.net/registry,LEGACY,
10.0.0.1/8,IANA - Private Use,1995-06,,,RESERVED,[3]
11.0.0.1/8,DoD Intel Information Systems,1993-05,whois.arin.net,https://rdap.arin.net/registryhttp://rdap.arin.net/registry,LEGACY,
12.0.0.1/8,AT&T Bell Laboratories,1995-06,whois.arin.net,https://rdap.arin.net/registryhttp://rdap.arin.net/registry,LEGACY,
13.0.0.1/8,Administered by ARIN,1991-09,whois.arin.net,https://rdap.arin.net/registryhttp://rdap.arin.net/registry,LEGACY,
14.0.0.1/8,APNIC,2010-04,whois.apnic.net,https://rdap.apnic.net/,ALLOCATED,[4]
15.0.0.1/8,Hewlett-Packard Company,1994-07,whois.arin.net,https://rdap.arin.net/registryhttp://rdap.arin.net/registry,LEGACY,
16.0.0.1/8,Digital Equipment Corporation,1994-11,whois.arin.net,https://rdap.arin.net/registryhttp://rdap.arin.net/registry,LEGACY,
17.0.0.1/8,Apple Computer Inc.,1992-07,whois.arin.net,https://rdap.arin.net/registryhttp://rdap.arin.net/registry,LEGACY,
18.0.0.1/8,MIT,1994-01,whois.arin.net,https://rdap.arin.net/registryhttp://rdap.arin.net/registry,LEGACY,
19.0.0.1/8,Ford Motor Company,1995-05,whois.arin.net,https://rdap.arin.net/registryhttp://rdap.arin.net/registry,LEGACY,
20.0.0.1/8,Computer Sciences Corporation,1994-10,whois.arin.net,https://rdap.arin.net/registryhttp://rdap.arin.net/registry,LEGACY,
21.0.0.1/8,DDN-RVN,1991-07,whois.arin.net,https://rdap.arin.net/registryhttp://rdap.arin.net/registry,LEGACY,
22.0.0.1/8,Defense Information Systems Agency,1993-05,whois.arin.net,https://rdap.arin.net/registryhttp://rdap.arin.net/registry,LEGACY,
23.0.0.1/8,ARIN,2010-11,whois.arin.net,https://rdap.arin.net/registryhttp://rdap.arin.net/registry,ALLOCATED,
24.0.0.1/8,ARIN,2001-05,whois.arin.net,https://rdap.arin.net/registryhttp://rdap.arin.net/registry,ALLOCATED,
25.0.0.1/8,UK Ministry of Defence,1995-01,whois.ripe.net,https://rdap.db.ripe.net/,LEGACY,
26.0.0.1/8,Defense Information Systems Agency,1995-05,whois.arin.net,https://rdap.arin.net/registryhttp://rdap.arin.net/registry,LEGACY,
27.0.0.1/8,APNIC,2010-01,whois.apnic.net,https://rdap.apnic.net/,ALLOCATED,
28.0.0.1/8,DSI-North,1992-07,whois.arin.net,https://rdap.arin.net/registryhttp://rdap.arin.net/registry,LEGACY,
29.0.0.1/8,Defense Information Systems Agency,1991-07,whois.arin.net,https://rdap.arin.net/registryhttp://rdap.arin.net/registry,LEGACY,
30.0.0.1/8,Defense Information Systems Agency,1991-07,whois.arin.net,https://rdap.arin.net/registryhttp://rdap.arin.net/registry,LEGACY,
31.0.0.1/8,RIPE NCC,2010-05,whois.ripe.net,https://rdap.db.ripe.net/,ALLOCATED,
32.0.0.1/8,Administered by ARIN,1994-06,whois.arin.net,https://rdap.arin.net/registryhttp://rdap.arin.net/registry,LEGACY,
33.0.0.1/8,DLA Systems Automation Center,1991-01,whois.arin.net,https://rdap.arin.net/registryhttp://rdap.arin.net/registry,LEGACY,
34.0.0.1/8,Halliburton Company,1993-03,whois.arin.net,https://rdap.arin.net/registryhttp://rdap.arin.net/registry,LEGACY,
35.0.0.1/8,Administered by ARIN,1994-04,whois.arin.net,https://rdap.arin.net/registryhttp://rdap.arin.net/registry,LEGACY,
36.0.0.1/8,APNIC,2010-10,whois.apnic.net,https://rdap.apnic.net/,ALLOCATED,
37.0.0.1/8,RIPE NCC,2010-11,whois.ripe.net,https://rdap.db.ripe.net/,ALLOCATED,
38.0.0.1/8,"PSINet, Inc.",1994-09,whois.arin.net,https://rdap.arin.net/registryhttp://rdap.arin.net/registry,LEGACY,
39.0.0.1/8,APNIC,2011-01,whois.apnic.net,https://rdap.apnic.net/,ALLOCATED,
40.0.0.1/8,Administered by ARIN,1994-06,whois.arin.net,https://rdap.arin.net/registryhttp://rdap.arin.net/registry,LEGACY,
41.0.0.1/8,AFRINIC,2005-04,whois.afrinic.net,https://rdap.afrinic.net/rdap/http://rdap.afrinic.net/rdap/,ALLOCATED,
42.0.0.1/8,APNIC,2010-10,whois.apnic.net,https://rdap.apnic.net/,ALLOCATED,
43.0.0.1/8,Administered by APNIC,1991-01,whois.apnic.net,https://rdap.apnic.net/,LEGACY,
44.0.0.1/8,Amateur Radio Digital Communications,1992-07,whois.arin.net,https://rdap.arin.net/registryhttp://rdap.arin.net/registry,LEGACY,
45.0.0.1/8,Administered by ARIN,1995-01,whois.arin.net,https://rdap.arin.net/registryhttp://rdap.arin.net/registry,LEGACY,
46.0.0.1/8,RIPE NCC,2009-09,whois.ripe.net,https://rdap.db.ripe.net/,ALLOCATED,
47.0.0.1/8,Administered by ARIN,1991-01,whois.arin.net,https://rdap.arin.net/registryhttp://rdap.arin.net/registry,LEGACY,
48.0.0.1/8,Prudential Securities Inc.,1995-05,whois.arin.net,https://rdap.arin.net/registryhttp://rdap.arin.net/registry,LEGACY,
49.0.0.1/8,APNIC,2010-08,whois.apnic.net,https://rdap.apnic.net/,ALLOCATED,
50.0.0.1/8,ARIN,2010-02,whois.arin.net,https://rdap.arin.net/registryhttp://rdap.arin.net/registry,ALLOCATED,
51.0.0.1/8,Administered by RIPE NCC,1994-08,whois.ripe.net,https://rdap.db.ripe.net/,LEGACY,
52.0.0.1/8,Administered by ARIN,1991-12,whois.arin.net,https://rdap.arin.net/registryhttp://rdap.arin.net/registry,LEGACY,
53.0.0.1/8,Daimler AG,1993-10,whois.ripe.net,https://rdap.db.ripe.net/,LEGACY,
54.0.0.1/8,Administered by ARIN,1992-03,whois.arin.net,https://rdap.arin.net/registryhttp://rdap.arin.net/registry,LEGACY,
55.0.0.1/8,DoD Network Information Center,1995-04,whois.arin.net,https://rdap.arin.net/registryhttp://rdap.arin.net/registry,LEGACY,
56.0.0.1/8,US Postal Service,1994-06,whois.arin.net,https://rdap.arin.net/registryhttp://rdap.arin.net/registry,LEGACY,
57.0.0.1/8,Societe Internationale de Telecommunications Aeronautiques S.C.R.L.,1995-05,whois.ripe.net,https://rdap.db.ripe.net/,LEGACY,
58.0.0.1/8,APNIC,2004-04,whois.apnic.net,https://rdap.apnic.net/,ALLOCATED,
59.0.0.1/8,APNIC,2004-04,whois.apnic.net,https://rdap.apnic.net/,ALLOCATED,
60.0.0.1/8,APNIC,2003-04,whois.apnic.net,https://rdap.apnic.net/,ALLOCATED,
61.0.0.1/8,APNIC,1997-04,whois.apnic.net,https://rdap.apnic.net/,ALLOCATED,
62.0.0.1/8,RIPE NCC,1997-04,whois.ripe.net,https://rdap.db.ripe.net/,ALLOCATED,
63.0.0.1/8,ARIN,1997-04,whois.arin.net,https://rdap.arin.net/registryhttp://rdap.arin.net/registry,ALLOCATED,
64.0.0.1/8,ARIN,1999-07,whois.arin.net,https://rdap.arin.net/registryhttp://rdap.arin.net/registry,ALLOCATED,
65.0.0.1/8,ARIN,2000-07,whois.arin.net,https://rdap.arin.net/registryhttp://rdap.arin.net/registry,ALLOCATED,
66.0.0.1/8,ARIN,2000-07,whois.arin.net,https://rdap.arin.net/registryhttp://rdap.arin.net/registry,ALLOCATED,
67.0.0.1/8,ARIN,2001-05,whois.arin.net,https://rdap.arin.net/registryhttp://rdap.arin.net/registry,ALLOCATED,
68.0.0.1/8,ARIN,2001-06,whois.arin.net,https://rdap.arin.net/registryhttp://rdap.arin.net/registry,ALLOCATED,
69.0.0.1/8,ARIN,2002-08,whois.arin.net,https://rdap.arin.net/registryhttp://rdap.arin.net/registry,ALLOCATED,
70.0.0.1/8,ARIN,2004-01,whois.arin.net,https://rdap.arin.net/registryhttp://rdap.arin.net/registry,ALLOCATED,
71.0.0.1/8,ARIN,2004-08,whois.arin.net,https://rdap.arin.net/registryhttp://rdap.arin.net/registry,ALLOCATED,
72.0.0.1/8,ARIN,2004-08,whois.arin.net,https://rdap.arin.net/registryhttp://rdap.arin.net/registry,ALLOCATED,
73.0.0.1/8,ARIN,2005-03,whois.arin.net,https://rdap.arin.net/registryhttp://rdap.arin.net/registry,ALLOCATED,
74.0.0.1/8,ARIN,2005-06,whois.arin.net,https://rdap.arin.net/registryhttp://rdap.arin.net/registry,ALLOCATED,
75.0.0.1/8,ARIN,2005-06,whois.arin.net,https://rdap.arin.net/registryhttp://rdap.arin.net/registry,ALLOCATED,
76.0.0.1/8,ARIN,2005-06,whois.arin.net,https://rdap.arin.net/registryhttp://rdap.arin.net/registry,ALLOCATED,
77.0.0.1/8,RIPE NCC,2006-08,whois.ripe.net,https://rdap.db.ripe.net/,ALLOCATED,
78.0.0.1/8,RIPE NCC,2006-08,whois.ripe.net,https://rdap.db.ripe.net/,ALLOCATED,
79.0.0.1/8,RIPE NCC,2006-08,whois.ripe.net,https://rdap.db.ripe.net/,ALLOCATED,
80.0.0.1/8,RIPE NCC,2001-04,whois.ripe.net,https://rdap.db.ripe.net/,ALLOCATED,
81.0.0.1/8,RIPE NCC,2001-04,whois.ripe.net,https://rdap.db.ripe.net/,ALLOCATED,
82.0.0.1/8,RIPE NCC,2002-11,whois.ripe.net,https://rdap.db.ripe.net/,ALLOCATED,
83.0.0.1/8,RIPE NCC,2003-11,whois.ripe.net,https://rdap.db.ripe.net/,ALLOCATED,
84.0.0.1/8,RIPE NCC,2003-11,whois.ripe.net,https://rdap.db.ripe.net/,ALLOCATED,
85.0.0.1/8,RIPE NCC,2004-04,whois.ripe.net,https://rdap.db.ripe.net/,ALLOCATED,
86.0.0.1/8,RIPE NCC,2004-04,whois.ripe.net,https://rdap.db.ripe.net/,ALLOCATED,
87.0.0.1/8,RIPE NCC,2004-04,whois.ripe.net,https://rdap.db.ripe.net/,ALLOCATED,
88.0.0.1/8,RIPE NCC,2004-04,whois.ripe.net,https://rdap.db.ripe.net/,ALLOCATED,
89.0.0.1/8,RIPE NCC,2005-06,whois.ripe.net,https://rdap.db.ripe.net/,ALLOCATED,
90.0.0.1/8,RIPE NCC,2005-06,whois.ripe.net,https://rdap.db.ripe.net/,ALLOCATED,
91.0.0.1/8,RIPE NCC,2005-06,whois.ripe.net,https://rdap.db.ripe.net/,ALLOCATED,
92.0.0.1/8,RIPE NCC,2007-03,whois.ripe.net,https://rdap.db.ripe.net/,ALLOCATED,
93.0.0.1/8,RIPE NCC,2007-03,whois.ripe.net,https://rdap.db.ripe.net/,ALLOCATED,
94.0.0.1/8,RIPE NCC,2007-07,whois.ripe.net,https://rdap.db.ripe.net/,ALLOCATED,
95.0.0.1/8,RIPE NCC,2007-07,whois.ripe.net,https://rdap.db.ripe.net/,ALLOCATED,
96.0.0.1/8,ARIN,2006-10,whois.arin.net,https://rdap.arin.net/registryhttp://rdap.arin.net/registry,ALLOCATED,
97.0.0.1/8,ARIN,2006-10,whois.arin.net,https://rdap.arin.net/registryhttp://rdap.arin.net/registry,ALLOCATED,
98.0.0.1/8,ARIN,2006-10,whois.arin.net,https://rdap.arin.net/registryhttp://rdap.arin.net/registry,ALLOCATED,
99.0.0.1/8,ARIN,2006-10,whois.arin.net,https://rdap.arin.net/registryhttp://rdap.arin.net/registry,ALLOCATED,
100.0.0.1/8,ARIN,2010-11,whois.arin.net,https://rdap.arin.net/registryhttp://rdap.arin.net/registry,ALLOCATED,[5]
101.0.0.1/8,APNIC,2010-08,whois.apnic.net,https://rdap.apnic.net/,ALLOCATED,
102.0.0.1/8,AFRINIC,2011-02,whois.afrinic.net,https://rdap.afrinic.net/rdap/http://rdap.afrinic.net/rdap/,ALLOCATED,
103.0.0.1/8,APNIC,2011-02,whois.apnic.net,https://rdap.apnic.net/,ALLOCATED,
104.0.0.1/8,ARIN,2011-02,whois.arin.net,https://rdap.arin.net/registryhttp://rdap.arin.net/registry,ALLOCATED,
105.0.0.1/8,AFRINIC,2010-11,whois.afrinic.net,https://rdap.afrinic.net/rdap/http://rdap.afrinic.net/rdap/,ALLOCATED,
106.0.0.1/8,APNIC,2011-01,whois.apnic.net,https://rdap.apnic.net/,ALLOCATED,
107.0.0.1/8,ARIN,2010-02,whois.arin.net,https://rdap.arin.net/registryhttp://rdap.arin.net/registry,ALLOCATED,
108.0.0.1/8,ARIN,2008-12,whois.arin.net,https://rdap.arin.net/registryhttp://rdap.arin.net/registry,ALLOCATED,
109.0.0.1/8,RIPE NCC,2009-01,whois.ripe.net,https://rdap.db.ripe.net/,ALLOCATED,
110.0.0.1/8,APNIC,2008-11,whois.apnic.net,https://rdap.apnic.net/,ALLOCATED,
111.0.0.1/8,APNIC,2008-11,whois.apnic.net,https://rdap.apnic.net/,ALLOCATED,
112.0.0.1/8,APNIC,2008-05,whois.apnic.net,https://rdap.apnic.net/,ALLOCATED,
113.0.0.1/8,APNIC,2008-05,whois.apnic.net,https://rdap.apnic.net/,ALLOCATED,
114.0.0.1/8,APNIC,2007-10,whois.apnic.net,https://rdap.apnic.net/,ALLOCATED,
115.0.0.1/8,APNIC,2007-10,whois.apnic.net,https://rdap.apnic.net/,ALLOCATED,
116.0.0.1/8,APNIC,2007-01,whois.apnic.net,https://rdap.apnic.net/,ALLOCATED,
117.0.0.1/8,APNIC,2007-01,whois.apnic.net,https://rdap.apnic.net/,ALLOCATED,
118.0.0.1/8,APNIC,2007-01,whois.apnic.net,https://rdap.apnic.net/,ALLOCATED,
119.0.0.1/8,APNIC,2007-01,whois.apnic.net,https://rdap.apnic.net/,ALLOCATED,
120.0.0.1/8,APNIC,2007-01,whois.apnic.net,https://rdap.apnic.net/,ALLOCATED,
121.0.0.1/8,APNIC,2006-01,whois.apnic.net,https://rdap.apnic.net/,ALLOCATED,
122.0.0.1/8,APNIC,2006-01,whois.apnic.net,https://rdap.apnic.net/,ALLOCATED,
123.0.0.1/8,APNIC,2006-01,whois.apnic.net,https://rdap.apnic.net/,ALLOCATED,
124.0.0.1/8,APNIC,2005-01,whois.apnic.net,https://rdap.apnic.net/,ALLOCATED,
125.0.0.1/8,APNIC,2005-01,whois.apnic.net,https://rdap.apnic.net/,ALLOCATED,
126.0.0.1/8,APNIC,2005-01,whois.apnic.net,https://rdap.apnic.net/,ALLOCATED,
127.0.0.1/8,IANA - Loopback,1981-09,,,RESERVED,[6]
128.0.0.1/8,Administered by ARIN,1993-05,whois.arin.net,https://rdap.arin.net/registryhttp://rdap.arin.net/registry,LEGACY,
129.0.0.1/8,Administered by ARIN,1993-05,whois.arin.net,https://rdap.arin.net/registryhttp://rdap.arin.net/registry,LEGACY,
130.0.0.1/8,Administered by ARIN,1993-05,whois.arin.net,https://rdap.arin.net/registryhttp://rdap.arin.net/registry,LEGACY,
131.0.0.1/8,Administered by ARIN,1993-05,whois.arin.net,https://rdap.arin.net/registryhttp://rdap.arin.net/registry,LEGACY,
132.0.0.1/8,Administered by ARIN,1993-05,whois.arin.net,https://rdap.arin.net/registryhttp://rdap.arin.net/registry,LEGACY,
133.0.0.1/8,Administered by APNIC,1997-03,whois.apnic.net,https://rdap.apnic.net/,LEGACY,
134.0.0.1/8,Administered by ARIN,1993-05,whois.arin.net,https://rdap.arin.net/registryhttp://rdap.arin.net/registry,LEGACY,
135.0.0.1/8,Administered by ARIN,1993-05,whois.arin.net,https://rdap.arin.net/registryhttp://rdap.arin.net/registry,LEGACY,
136.0.0.1/8,Administered by ARIN,1993-05,whois.arin.net,https://rdap.arin.net/registryhttp://rdap.arin.net/registry,LEGACY,
137.0.0.1/8,Administered by ARIN,1993-05,whois.arin.net,https://rdap.arin.net/registryhttp://rdap.arin.net/registry,LEGACY,
138.0.0.1/8,Administered by ARIN,1993-05,whois.arin.net,https://rdap.arin.net/registryhttp://rdap.arin.net/registry,LEGACY,
139.0.0.1/8,Administered by ARIN,1993-05,whois.arin.net,https://rdap.arin.net/registryhttp://rdap.arin.net/registry,LEGACY,
140.0.0.1/8,Administered by ARIN,1993-05,whois.arin.net,https://rdap.arin.net/registryhttp://rdap.arin.net/registry,LEGACY,
141.0.0.1/8,Administered by RIPE NCC,1993-05,whois.ripe.net,https://rdap.db.ripe.net/,LEGACY,
142.0.0.1/8,Administered by ARIN,1993-05,whois.arin.net,https://rdap.arin.net/registryhttp://rdap.arin.net/registry,LEGACY,
143.0.0.1/8,Administered by ARIN,1993-05,whois.arin.net,https://rdap.arin.net/registryhttp://rdap.arin.net/registry,LEGACY,
144.0.0.1/8,Administered by ARIN,1993-05,whois.arin.net,https://rdap.arin.net/registryhttp://rdap.arin.net/registry,LEGACY,
145.0.0.1/8,Administered by RIPE NCC,1993-05,whois.ripe.net,https://rdap.db.ripe.net/,LEGACY,
146.0.0.1/8,Administered by ARIN,1993-05,whois.arin.net,https://rdap.arin.net/registryhttp://rdap.arin.net/registry,LEGACY,
147.0.0.1/8,Administered by ARIN,1993-05,whois.arin.net,https://rdap.arin.net/registryhttp://rdap.arin.net/registry,LEGACY,
148.0.0.1/8,Administered by ARIN,1993-05,whois.arin.net,https://rdap.arin.net/registryhttp://rdap.arin.net/registry,LEGACY,
149.0.0.1/8,Administered by ARIN,1993-05,whois.arin.net,https://rdap.arin.net/registryhttp://rdap.arin.net/registry,LEGACY,
150.0.0.1/8,Administered by APNIC,1993-05,whois.apnic.net,https://rdap.apnic.net/,LEGACY,
151.0.0.1/8,Administered by RIPE NCC,1993-05,whois.ripe.net,https://rdap.db.ripe.net/,LEGACY,
152.0.0.1/8,Administered by ARIN,1993-05,whois.arin.net,https://rdap.arin.net/registryhttp://rdap.arin.net/registry,LEGACY,
153.0.0.1/8,Administered by APNIC,1993-05,whois.apnic.net,https://rdap.apnic.net/,LEGACY,
154.0.0.1/8,Administered by AFRINIC,1993-05,whois.afrinic.net,https://rdap.afrinic.net/rdap/http://rdap.afrinic.net/rdap/,LEGACY,
155.0.0.1/8,Administered by ARIN,1993-05,whois.arin.net,https://rdap.arin.net/registryhttp://rdap.arin.net/registry,LEGACY,
156.0.0.1/8,Administered by ARIN,1993-05,whois.arin.net,https://rdap.arin.net/registryhttp://rdap.arin.net/registry,LEGACY,
157.0.0.1/8,Administered by ARIN,1993-05,whois.arin.net,https://rdap.arin.net/registryhttp://rdap.arin.net/registry,LEGACY,
158.0.0.1/8,Administered by ARIN,1993-05,whois.arin.net,https://rdap.arin.net/registryhttp://rdap.arin.net/registry,LEGACY,
159.0.0.1/8,Administered by ARIN,1993-05,whois.arin.net,https://rdap.arin.net/registryhttp://rdap.arin.net/registry,LEGACY,
160.0.0.1/8,Administered by ARIN,1993-05,whois.arin.net,https://rdap.arin.net/registryhttp://rdap.arin.net/registry,LEGACY,
161.0.0.1/8,Administered by ARIN,1993-05,whois.arin.net,https://rdap.arin.net/registryhttp://rdap.arin.net/registry,LEGACY,
162.0.0.1/8,Administered by ARIN,1993-05,whois.arin.net,https://rdap.arin.net/registryhttp://rdap.arin.net/registry,LEGACY,
163.0.0.1/8,Administered by APNIC,1993-05,whois.apnic.net,https://rdap.apnic.net/,LEGACY,
164.0.0.1/8,Administered by ARIN,1993-05,whois.arin.net,https://rdap.arin.net/registryhttp://rdap.arin.net/registry,LEGACY,
165.0.0.1/8,Administered by ARIN,1993-05,whois.arin.net,https://rdap.arin.net/registryhttp://rdap.arin.net/registry,LEGACY,
166.0.0.1/8,Administered by ARIN,1993-05,whois.arin.net,https://rdap.arin.net/registryhttp://rdap.arin.net/registry,LEGACY,
167.0.0.1/8,Administered by ARIN,1993-05,whois.arin.net,https://rdap.arin.net/registryhttp://rdap.arin.net/registry,LEGACY,
168.0.0.1/8,Administered by ARIN,1993-05,whois.arin.net,https://rdap.arin.net/registryhttp://rdap.arin.net/registry,LEGACY,
169.0.0.1/8,Administered by ARIN,1993-05,whois.arin.net,https://rdap.arin.net/registryhttp://rdap.arin.net/registry,LEGACY,[7]
170.0.0.1/8,Administered by ARIN,1993-05,whois.arin.net,https://rdap.arin.net/registryhttp://rdap.arin.net/registry,LEGACY,
171.0.0.1/8,Administered by APNIC,1993-05,whois.apnic.net,https://rdap.apnic.net/,LEGACY,
172.0.0.1/8,Administered by ARIN,1993-05,whois.arin.net,https://rdap.arin.net/registryhttp://rdap.arin.net/registry,LEGACY,[8]
173.0.0.1/8,ARIN,2008-02,whois.arin.net,https://rdap.arin.net/registryhttp://rdap.arin.net/registry,ALLOCATED,
174.0.0.1/8,ARIN,2008-02,whois.arin.net,https://rdap.arin.net/registryhttp://rdap.arin.net/registry,ALLOCATED,
175.0.0.1/8,APNIC,2009-08,whois.apnic.net,https://rdap.apnic.net/,ALLOCATED,
176.0.0.1/8,RIPE NCC,2010-05,whois.ripe.net,https://rdap.db.ripe.net/,ALLOCATED,
177.0.0.1/8,LACNIC,2010-06,whois.lacnic.net,https://rdap.lacnic.net/rdap/,ALLOCATED,
178.0.0.1/8,RIPE NCC,2009-01,whois.ripe.net,https://rdap.db.ripe.net/,ALLOCATED,
179.0.0.1/8,LACNIC,2011-02,whois.lacnic.net,https://rdap.lacnic.net/rdap/,ALLOCATED,
180.0.0.1/8,APNIC,2009-04,whois.apnic.net,https://rdap.apnic.net/,ALLOCATED,
181.0.0.1/8,LACNIC,2010-06,whois.lacnic.net,https://rdap.lacnic.net/rdap/,ALLOCATED,
182.0.0.1/8,APNIC,2009-08,whois.apnic.net,https://rdap.apnic.net/,ALLOCATED,
183.0.0.1/8,APNIC,2009-04,whois.apnic.net,https://rdap.apnic.net/,ALLOCATED,
184.0.0.1/8,ARIN,2008-12,whois.arin.net,https://rdap.arin.net/registryhttp://rdap.arin.net/registry,ALLOCATED,
185.0.0.1/8,RIPE NCC,2011-02,whois.ripe.net,https://rdap.db.ripe.net/,ALLOCATED,
186.0.0.1/8,LACNIC,2007-09,whois.lacnic.net,https://rdap.lacnic.net/rdap/,ALLOCATED,
187.0.0.1/8,LACNIC,2007-09,whois.lacnic.net,https://rdap.lacnic.net/rdap/,ALLOCATED,
188.0.0.1/8,Administered by RIPE NCC,1993-05,whois.ripe.net,https://rdap.db.ripe.net/,LEGACY,
189.0.0.1/8,LACNIC,1995-06,whois.lacnic.net,https://rdap.lacnic.net/rdap/,ALLOCATED,
190.0.0.1/8,LACNIC,1995-06,whois.lacnic.net,https://rdap.lacnic.net/rdap/,ALLOCATED,
191.0.0.1/8,Administered by LACNIC,1993-05,whois.lacnic.net,https://rdap.lacnic.net/rdap/,LEGACY,
192.0.0.1/8,Administered by ARIN,1993-05,whois.arin.net,https://rdap.arin.net/registryhttp://rdap.arin.net/registry,LEGACY,[9][10]
193.0.0.1/8,RIPE NCC,1993-05,whois.ripe.net,https://rdap.db.ripe.net/,ALLOCATED,
194.0.0.1/8,RIPE NCC,1993-05,whois.ripe.net,https://rdap.db.ripe.net/,ALLOCATED,
195.0.0.1/8,RIPE NCC,1993-05,whois.ripe.net,https://rdap.db.ripe.net/,ALLOCATED,
196.0.0.1/8,Administered by AFRINIC,1993-05,whois.afrinic.net,https://rdap.afrinic.net/rdap/http://rdap.afrinic.net/rdap/,LEGACY,
197.0.0.1/8,AFRINIC,2008-10,whois.afrinic.net,https://rdap.afrinic.net/rdap/http://rdap.afrinic.net/rdap/,ALLOCATED,
198.0.0.1/8,Administered by ARIN,1993-05,whois.arin.net,https://rdap.arin.net/registryhttp://rdap.arin.net/registry,LEGACY,[11]
199.0.0.1/8,ARIN,1993-05,whois.arin.net,https://rdap.arin.net/registryhttp://rdap.arin.net/registry,ALLOCATED,
200.0.0.1/8,LACNIC,2002-11,whois.lacnic.net,https://rdap.lacnic.net/rdap/,ALLOCATED,
201.0.0.1/8,LACNIC,2003-04,whois.lacnic.net,https://rdap.lacnic.net/rdap/,ALLOCATED,
202.0.0.1/8,APNIC,1993-05,whois.apnic.net,https://rdap.apnic.net/,ALLOCATED,
203.0.0.1/8,APNIC,1993-05,whois.apnic.net,https://rdap.apnic.net/,ALLOCATED,[12]
204.0.0.1/8,ARIN,1994-03,whois.arin.net,https://rdap.arin.net/registryhttp://rdap.arin.net/registry,ALLOCATED,
205.0.0.1/8,ARIN,1994-03,whois.arin.net,https://rdap.arin.net/registryhttp://rdap.arin.net/registry,ALLOCATED,
206.0.0.1/8,ARIN,1995-04,whois.arin.net,https://rdap.arin.net/registryhttp://rdap.arin.net/registry,ALLOCATED,
207.0.0.1/8,ARIN,1995-11,whois.arin.net,https://rdap.arin.net/registryhttp://rdap.arin.net/registry,ALLOCATED,
208.0.0.1/8,ARIN,1996-04,whois.arin.net,https://rdap.arin.net/registryhttp://rdap.arin.net/registry,ALLOCATED,
209.0.0.1/8,ARIN,1996-06,whois.arin.net,https://rdap.arin.net/registryhttp://rdap.arin.net/registry,ALLOCATED,
210.0.0.1/8,APNIC,1996-06,whois.apnic.net,https://rdap.apnic.net/,ALLOCATED,
211.0.0.1/8,APNIC,1996-06,whois.apnic.net,https://rdap.apnic.net/,ALLOCATED,
212.0.0.1/8,RIPE NCC,1997-10,whois.ripe.net,https://rdap.db.ripe.net/,ALLOCATED,
213.0.0.1/8,RIPE NCC,1993-10,whois.ripe.net,https://rdap.db.ripe.net/,ALLOCATED,
214.0.0.1/8,US-DOD,1998-03,whois.arin.net,https://rdap.arin.net/registryhttp://rdap.arin.net/registry,LEGACY,
215.0.0.1/8,US-DOD,1998-03,whois.arin.net,https://rdap.arin.net/registryhttp://rdap.arin.net/registry,LEGACY,
216.0.0.1/8,ARIN,1998-04,whois.arin.net,https://rdap.arin.net/registryhttp://rdap.arin.net/registry,ALLOCATED,
217.0.0.1/8,RIPE NCC,2000-06,whois.ripe.net,https://rdap.db.ripe.net/,ALLOCATED,
218.0.0.1/8,APNIC,2000-12,whois.apnic.net,https://rdap.apnic.net/,ALLOCATED,
219.0.0.1/8,APNIC,2001-09,whois.apnic.net,https://rdap.apnic.net/,ALLOCATED,
220.0.0.1/8,APNIC,2001-12,whois.apnic.net,https://rdap.apnic.net/,ALLOCATED,
221.0.0.1/8,APNIC,2002-07,whois.apnic.net,https://rdap.apnic.net/,ALLOCATED,
222.0.0.1/8,APNIC,2003-02,whois.apnic.net,https://rdap.apnic.net/,ALLOCATED,
223.0.0.1/8,APNIC,2010-04,whois.apnic.net,https://rdap.apnic.net/,ALLOCATED,
224.0.0.1/8,Multicast,1981-09,,,RESERVED,[13]
225.0.0.1/8,Multicast,1981-09,,,RESERVED,[13]
226.0.0.1/8,Multicast,1981-09,,,RESERVED,[13]
227.0.0.1/8,Multicast,1981-09,,,RESERVED,[13]
228.0.0.1/8,Multicast,1981-09,,,RESERVED,[13]
229.0.0.1/8,Multicast,1981-09,,,RESERVED,[13]
230.0.0.1/8,Multicast,1981-09,,,RESERVED,[13]
231.0.0.1/8,Multicast,1981-09,,,RESERVED,[13]
232.0.0.1/8,Multicast,1981-09,,,RESERVED,[13]
233.0.0.1/8,Multicast,1981-09,,,RESERVED,[13]
234.0.0.1/8,Multicast,1981-09,,,RESERVED,[13][14]
235.0.0.1/8,Multicast,1981-09,,,RESERVED,[13]
236.0.0.1/8,Multicast,1981-09,,,RESERVED,[13]
237.0.0.1/8,Multicast,1981-09,,,RESERVED,[13]
238.0.0.1/8,Multicast,1981-09,,,RESERVED,[13]
239.0.0.1/8,Multicast,1981-09,,,RESERVED,[13][15]
240.0.0.1/8,Future use,1981-09,,,RESERVED,[16]
241.0.0.1/8,Future use,1981-09,,,RESERVED,[16]
242.0.0.1/8,Future use,1981-09,,,RESERVED,[16]
243.0.0.1/8,Future use,1981-09,,,RESERVED,[16]
244.0.0.1/8,Future use,1981-09,,,RESERVED,[16]
245.0.0.1/8,Future use,1981-09,,,RESERVED,[16]
246.0.0.1/8,Future use,1981-09,,,RESERVED,[16]
247.0.0.1/8,Future use,1981-09,,,RESERVED,[16]
248.0.0.1/8,Future use,1981-09,,,RESERVED,[16]
249.0.0.1/8,Future use,1981-09,,,RESERVED,[16]
250.0.0.1/8,Future use,1981-09,,,RESERVED,[16]
251.0.0.1/8,Future use,1981-09,,,RESERVED,[16]
252.0.0.1/8,Future use,1981-09,,,RESERVED,[16]
253.0.0.1/8,Future use,1981-09,,,RESERVED,[16]
254.0.0.1/8,Future use,1981-09,,,RESERVED,[16]
255.0.0.1/8,Future use,1981-09,,,RESERVED,[16][17]
